City_ID,City,Lat,Lng,Max Temp,Humidity,Cloudiness,Wind Speed,Current Conditions
0,Smithers,54.7804,-127.1743,82.72,34,20,8.05,few clouds
1,Nouadhibou,20.931,-17.0347,73.38,78,5,20.71,clear sky
2,Airai,-8.9266,125.4092,57.07,93,51,3.53,broken clouds
3,Ponta Delgada,37.7333,-25.6667,74.12,73,75,9.22,broken clouds
4,Souillac,-20.5167,57.5167,68.38,77,75,14.97,broken clouds
5,Punta Arenas,-53.15,-70.9167,37.51,65,75,10.36,broken clouds
6,Port Alfred,-33.5906,26.891,62.44,80,92,4.0,overcast clouds
7,Puerto Escondido,15.85,-97.0667,84.18,71,100,5.35,overcast clouds
8,Olafsvik,64.8945,-23.7142,50.13,83,22,10.33,few clouds
9,Torbay,47.6666,-52.7314,60.28,92,100,5.75,light intensity drizzle
10,Castro,-24.7911,-50.0119,47.73,75,0,4.94,clear sky
11,Victoria,22.2855,114.1577,81.32,92,100,5.99,overcast clouds
12,Saint-Philippe,-21.3585,55.7679,63.99,70,31,12.5,scattered clouds
13,Alice Springs,-23.7,133.8833,45.21,63,0,6.91,clear sky
14,Ponta Do Sol,32.6667,-17.1,71.71,75,55,2.44,broken clouds
15,Albany,42.6001,-73.9662,82.58,53,83,9.35,broken clouds
16,Salamiyah,35.0113,37.0532,72.63,76,0,13.15,clear sky
17,Vaini,-21.2,-175.2,75.36,83,40,12.66,scattered clouds
18,Smithers,54.7804,-127.1743,82.72,34,20,8.05,few clouds
19,Nouadhibou,20.931,-17.0347,73.38,78,5,20.71,clear sky
20,Airai,-8.9266,125.4092,57.07,93,51,3.53,broken clouds
21,Ponta Delgada,37.7333,-25.6667,74.12,73,75,9.22,broken clouds
22,Souillac,-20.5167,57.5167,68.38,77,75,14.97,broken clouds
23,Punta Arenas,-53.15,-70.9167,37.51,65,75,10.36,broken clouds
24,Port Alfred,-33.5906,26.891,62.44,80,92,4.0,overcast clouds
25,Puerto Escondido,15.85,-97.0667,84.18,71,100,5.35,overcast clouds
26,Olafsvik,64.8945,-23.7142,50.13,83,22,10.33,few clouds
27,Torbay,47.6666,-52.7314,60.28,92,100,5.75,light intensity drizzle
28,Castro,-24.7911,-50.0119,47.73,75,0,4.94,clear sky
29,Victoria,22.2855,114.1577,81.32,92,100,5.99,overcast clouds
30,Saint-Philippe,-21.3585,55.7679,63.99,70,31,12.5,scattered clouds
31,Alice Springs,-23.7,133.8833,45.21,63,0,6.91,clear sky
32,Ponta Do Sol,32.6667,-17.1,71.71,75,55,2.44,broken clouds
33,Albany,42.6001,-73.9662,82.58,53,83,9.35,broken clouds
34,Salamiyah,35.0113,37.0532,72.63,76,0,13.15,clear sky
35,Vaini,-21.2,-175.2,75.36,83,40,12.66,scattered clouds
36,Smithers,54.7804,-127.1743,82.72,34,20,8.05,few clouds
37,Nouadhibou,20.931,-17.0347,73.38,78,5,20.71,clear sky
38,Airai,-8.9266,125.4092,57.07,93,51,3.53,broken clouds
39,Ponta Delgada,37.7333,-25.6667,74.12,73,75,9.22,broken clouds
40,Souillac,-20.5167,57.5167,68.38,77,75,14.97,broken clouds
41,Punta Arenas,-53.15,-70.9167,37.51,65,75,10.36,broken clouds
42,Port Alfred,-33.5906,26.891,62.44,80,92,4.0,overcast clouds
43,Puerto Escondido,15.85,-97.0667,84.18,71,100,5.35,overcast clouds
44,Olafsvik,64.8945,-23.7142,50.13,83,22,10.33,few clouds
45,Torbay,47.6666,-52.7314,60.28,92,100,5.75,light intensity drizzle
46,Castro,-24.7911,-50.0119,47.73,75,0,4.94,clear sky
47,Victoria,22.2855,114.1577,81.32,92,100,5.99,overcast clouds
48,Saint-Philippe,-21.3585,55.7679,63.99,70,31,12.5,scattered clouds
49,Alice Springs,-23.7,133.8833,45.21,63,0,6.91,clear sky
50,Ponta Do Sol,32.6667,-17.1,71.71,75,55,2.44,broken clouds
51,Albany,42.6001,-73.9662,82.58,53,83,9.35,broken clouds
52,Salamiyah,35.0113,37.0532,72.63,76,0,13.15,clear sky
53,Vaini,-21.2,-175.2,75.36,83,40,12.66,scattered clouds
54,Smithers,54.7804,-127.1743,82.72,34,20,8.05,few clouds
55,Nouadhibou,20.931,-17.0347,73.38,78,5,20.71,clear sky
56,Airai,-8.9266,125.4092,57.07,93,51,3.53,broken clouds
57,Ponta Delgada,37.7333,-25.6667,74.12,73,75,9.22,broken clouds
58,Souillac,-20.5167,57.5167,68.38,77,75,14.97,broken clouds
59,Punta Arenas,-53.15,-70.9167,37.51,65,75,10.36,broken clouds
60,Port Alfred,-33.5906,26.891,62.44,80,92,4.0,overcast clouds
61,Puerto Escondido,15.85,-97.0667,84.18,71,100,5.35,overcast clouds
62,Olafsvik,64.8945,-23.7142,50.13,83,22,10.33,few clouds
63,Torbay,47.6666,-52.7314,60.28,92,100,5.75,light intensity drizzle
64,Castro,-24.7911,-50.0119,47.73,75,0,4.94,clear sky
65,Victoria,22.2855,114.1577,81.32,92,100,5.99,overcast clouds
66,Saint-Philippe,-21.3585,55.7679,63.99,70,31,12.5,scattered clouds
67,Alice Springs,-23.7,133.8833,45.21,63,0,6.91,clear sky
68,Ponta Do Sol,32.6667,-17.1,71.71,75,55,2.44,broken clouds
69,Albany,42.6001,-73.9662,82.58,53,83,9.35,broken clouds
70,Salamiyah,35.0113,37.0532,72.63,76,0,13.15,clear sky
71,Vaini,-21.2,-175.2,75.36,83,40,12.66,scattered clouds
72,Richards Bay,-28.783,32.0377,70.52,66,3,15.79,clear sky
73,Busselton,-33.65,115.3333,49.51,89,2,11.92,clear sky
74,Bathsheba,13.2167,-59.5167,86.61,70,40,17.27,scattered clouds
75,Mataura,-46.1927,168.8643,38.46,70,19,2.82,few clouds
76,Ushuaia,-54.8,-68.3,37.06,87,40,3.44,scattered clouds
77,Vila Franca Do Campo,37.7167,-25.4333,73.81,86,49,7.14,scattered clouds
78,Mehamn,71.0357,27.8492,51.71,93,75,27.63,light rain
79,Barrow,71.2906,-156.7887,46.42,93,100,17.27,mist
80,Bairiki,1.3292,172.9752,84.2,79,40,9.22,scattered clouds
81,Pontevel,39.1494,-8.8388,68.76,89,0,6.06,clear sky
82,Portland,45.5234,-122.6762,88.56,42,0,5.01,clear sky
83,Nikolskoye,59.7035,30.7861,66.09,75,100,6.22,overcast clouds
84,Kapaa,22.0752,-159.319,83.48,73,20,16.11,few clouds
85,Jacqueville,5.2052,-4.4146,75.69,88,97,11.72,overcast clouds
86,Talnakh,69.4865,88.3972,47.21,72,95,3.06,overcast clouds
87,Georgetown,5.4112,100.3354,82.89,90,20,3.44,few clouds
88,Kosh-Agach,50.0,88.6667,46.27,89,3,2.42,clear sky
89,Upernavik,72.7868,-56.1549,42.1,81,100,10.6,overcast clouds
90,Truro,50.2653,-5.0544,70.88,64,0,2.3,clear sky
91,Kununurra,-15.7667,128.7333,71.58,40,5,9.22,clear sky
92,Clyde River,70.4692,-68.5914,41.23,93,100,4.61,overcast clouds
93,Atuona,-9.8,-139.0333,77.22,68,33,25.48,scattered clouds
94,Raudeberg,61.9875,5.1352,56.07,94,100,9.91,overcast clouds
95,Avarua,-21.2078,-159.775,78.85,73,20,12.66,few clouds
96,Hermanus,-34.4187,19.2345,58.8,72,100,13.89,overcast clouds
97,Bluff,-46.6,168.3333,41.65,80,99,9.69,overcast clouds
98,Port Elizabeth,-33.918,25.5701,58.1,100,100,4.61,mist
99,Puerto Ayora,-0.7393,-90.3518,80.56,99,100,5.99,overcast clouds
100,Tual,-5.6667,132.75,80.02,82,84,16.06,broken clouds
101,Vardo,70.3705,31.1107,53.58,76,40,17.27,scattered clouds
102,San Juan,-31.5375,-68.5364,60.46,29,71,5.19,broken clouds
103,Hasaki,35.7333,140.8333,82.8,81,18,23.11,few clouds
104,Provideniya,64.3833,-173.3,48.36,100,100,8.99,mist
105,Peniche,39.3558,-9.3811,68.29,93,0,4.29,clear sky
106,Bonthe,7.5264,-12.505,76.14,89,84,9.69,moderate rain
107,Aswan,24.0934,32.907,92.59,22,46,15.37,scattered clouds
108,La Ronge,55.1001,-105.2842,84.42,45,40,13.8,scattered clouds
109,Henties Bay,-22.116,14.2845,54.03,91,1,9.48,clear sky
110,Rikitea,-23.1203,-134.9692,73.15,70,77,20.94,broken clouds
111,Butaritari,3.0707,172.7902,81.99,75,97,13.06,overcast clouds
112,Klaksvik,62.2266,-6.589,52.72,85,100,11.92,overcast clouds
113,Bowen,-20.0167,148.2333,65.41,81,70,7.94,broken clouds
114,Kokkola,63.8385,23.1307,61.93,83,0,4.61,clear sky
115,Saint George,37.1041,-113.5841,94.24,33,90,4.0,overcast clouds
116,Carnarvon,-24.8667,113.6333,58.78,34,0,15.77,clear sky
117,Vila Velha,-20.3297,-40.2925,73.35,80,0,12.66,clear sky
118,Yellowknife,62.456,-114.3525,64.92,34,75,13.8,broken clouds
119,Upala,10.8979,-85.0145,79.16,93,100,2.37,light rain
120,Wanning,18.8003,110.3967,78.93,90,100,2.26,overcast clouds
121,Atar,20.5169,-13.0499,98.85,26,99,7.92,overcast clouds
122,Harper,4.375,-7.7169,76.33,77,100,10.11,overcast clouds
123,Lae,-6.7221,146.9847,75.87,87,100,5.66,overcast clouds
124,Hobart,-42.8794,147.3294,42.26,100,75,0.0,broken clouds
125,Grenada,37.1882,-3.6067,82.76,51,0,9.22,clear sky
126,Tiksi,71.6872,128.8694,39.81,95,100,11.05,overcast clouds
127,Rorvik,64.8621,11.2373,51.91,100,75,19.57,broken clouds
128,Mayor Pablo Lagerenza,-19.9309,-60.7718,68.41,31,0,6.31,clear sky
129,Mar Del Plata,-38.0023,-57.5575,57.22,58,0,9.22,clear sky
130,Qaanaaq,77.484,-69.3632,38.98,72,96,6.11,overcast clouds
131,Nikolayevka,53.1257,47.2041,61.0,90,19,5.26,few clouds
132,Kota Kinabalu,5.9749,116.0724,78.78,83,20,3.44,few clouds
133,Narasannapeta,18.4167,84.05,80.15,83,100,5.39,overcast clouds
134,Esperance,-33.8667,121.9,52.68,71,87,7.72,overcast clouds
135,Salym,60.0625,71.4789,55.47,75,54,5.82,broken clouds
136,Kavieng,-2.5744,150.7967,81.32,78,96,11.23,light rain
137,Nuuk,64.1835,-51.7216,44.65,77,74,10.85,broken clouds
138,Faanui,-16.4833,-151.75,78.24,75,10,14.5,light rain
139,Luanda,-8.8368,13.2343,66.85,93,54,5.53,broken clouds
140,Tasiilaq,65.6145,-37.6368,34.83,86,24,1.34,few clouds
141,Caravelas,-17.7125,-39.2481,72.99,68,100,11.48,light rain
142,Hamilton,39.1834,-84.5333,84.9,63,71,1.99,broken clouds
143,Bredasdorp,-34.5322,20.0403,54.36,81,100,6.02,overcast clouds
144,Parrita,9.5201,-84.3225,81.07,81,100,3.47,overcast clouds
145,Poya,-21.35,165.15,68.81,58,9,8.97,clear sky
146,Dikson,73.5069,80.5464,43.97,93,100,19.44,overcast clouds
147,Guerrero Negro,27.9769,-114.0611,82.45,48,1,16.4,clear sky
148,Qeshm,26.9581,56.2719,91.27,74,36,4.18,scattered clouds
149,Longyearbyen,78.2186,15.6401,46.24,76,75,10.36,broken clouds
150,Taoudenni,22.6783,-3.9836,102.07,10,0,2.98,clear sky
151,Saskylakh,71.9167,114.0833,43.66,69,100,7.09,overcast clouds
152,Chuy,-33.6971,-53.4616,52.52,87,6,4.97,clear sky
153,Yenagoa,4.9247,6.2642,74.03,95,100,2.8,overcast clouds
154,Jhanjharpur,26.2667,86.2833,79.79,85,0,8.72,clear sky
155,Geraldton,-28.7667,114.6,48.61,81,0,16.11,clear sky
156,Marsa Matruh,31.3525,27.2453,77.65,70,0,7.31,clear sky
157,Pahrump,36.2083,-115.9839,100.51,23,33,11.99,scattered clouds
158,Ampanihy,-24.7,44.75,64.49,55,0,5.66,clear sky
159,Matiri,-10.75,34.9,56.84,51,1,3.22,clear sky
160,Chokurdakh,70.6333,147.9167,49.66,71,100,9.86,overcast clouds
161,Praya,14.9215,-23.5087,81.14,74,20,11.5,few clouds
162,Chirongui,-12.9319,45.1483,69.73,64,0,8.97,clear sky
163,Nanortalik,60.1432,-45.2371,43.74,92,44,8.1,scattered clouds
164,Rocha,-34.4833,-54.3333,50.49,86,0,4.79,clear sky
165,Dakoro,14.5106,6.765,78.85,63,38,16.31,scattered clouds
166,Cacalchen,20.9833,-89.2333,80.6,45,47,5.35,scattered clouds
167,Kvarkeno,52.0833,59.725,65.25,78,99,7.38,light rain
168,Ixtapa,20.7,-105.2,82.65,82,99,3.98,overcast clouds
169,Hilo,19.7297,-155.09,93.27,85,84,4.0,broken clouds
170,Ridgetown,42.4334,-81.8998,71.46,43,0,18.19,clear sky
171,Ambon,-3.6954,128.1814,73.54,94,40,10.36,scattered clouds
172,Shinyanga,-3.6667,33.4333,70.23,50,87,13.56,overcast clouds
173,Alta Floresta,-9.8756,-56.0861,80.47,32,3,2.82,clear sky
174,Geilo,60.5333,8.2076,57.7,74,10,7.02,clear sky
175,Saint-Louis,16.3333,-15.0,92.84,42,14,10.63,light rain
176,Cascais,38.6979,-9.4215,70.93,76,0,10.0,clear sky
177,Takab,36.4009,47.1133,74.64,39,1,8.05,clear sky
178,Severo-Kurilsk,50.6789,156.125,56.1,96,97,12.64,overcast clouds
179,Narsaq,60.9167,-46.05,47.77,81,11,3.56,few clouds
180,Gigmoto,13.7796,124.39,80.08,84,97,1.68,overcast clouds
181,Kirov,58.5966,49.6601,54.52,82,75,6.08,broken clouds
182,Thompson,55.7435,-97.8558,78.96,44,40,11.5,scattered clouds
183,Coihaique,-45.5752,-72.0662,47.01,66,75,4.61,broken clouds
184,Cairo,30.0626,31.2497,81.36,74,0,9.22,clear sky
185,Sorland,67.667,12.6934,51.66,82,94,25.93,overcast clouds
186,San Cristobal,7.7669,-72.225,84.38,62,82,6.4,broken clouds
187,Saint-Joseph,-21.3667,55.6167,62.98,69,31,11.92,scattered clouds
188,Bodden Town,19.2833,-81.25,87.93,82,75,3.44,broken clouds
189,Codrington,-38.2667,141.9667,46.27,93,100,3.06,overcast clouds
190,Aurora,39.7294,-104.8319,98.26,21,20,5.75,few clouds
191,Verkhoyansk,67.5447,133.385,57.04,70,73,6.93,broken clouds
192,Ardakan,32.31,54.0175,81.68,16,0,6.55,clear sky
193,Sobolevo,54.4299,31.8996,57.56,72,0,7.0,clear sky
194,Tuatapere,-46.1333,167.6833,40.68,67,5,4.12,clear sky
195,Consett,54.854,-1.8316,68.25,70,36,3.0,scattered clouds
196,Lata,40.1629,-8.3327,60.22,94,0,1.1,clear sky
197,Nanfeng,23.7434,111.7959,74.64,97,5,2.19,clear sky
198,Marquard,-28.6645,27.4305,52.0,26,45,3.24,scattered clouds
199,Mayo,38.8876,-76.5119,89.46,52,72,1.99,broken clouds
200,Great Falls,47.5002,-111.3008,94.66,14,43,10.94,scattered clouds
201,Singapore,1.2897,103.8501,82.35,85,75,5.75,broken clouds
202,Kangaatsiaq,68.3065,-53.4641,38.07,86,31,3.53,scattered clouds
203,Askino,56.0901,56.5783,52.11,87,3,4.21,clear sky
204,Cherskiy,68.75,161.3,55.83,65,97,10.45,overcast clouds
205,Arraial Do Cabo,-22.9661,-42.0278,66.06,88,75,10.36,broken clouds
206,Port Lincoln,-34.7333,135.8667,53.19,81,77,15.3,broken clouds
207,Tsiroanomandidy,-18.7667,46.0333,57.33,68,0,6.22,clear sky
208,Nyurba,63.2842,118.3319,60.71,81,99,2.13,overcast clouds
209,Iskateley,67.6803,53.1512,58.32,95,100,14.79,moderate rain
210,Columbus,39.9612,-82.9988,78.87,68,100,1.01,overcast clouds
211,Qurayyat,31.3318,37.3428,78.98,41,0,11.5,clear sky
212,Jamestown,42.097,-79.2353,75.06,43,0,5.01,clear sky
213,Bethel,41.3712,-73.414,88.81,53,100,1.52,overcast clouds
214,Cockburn Town,21.4612,-71.1419,81.84,76,10,17.92,clear sky
215,Zhob,31.3411,69.4481,78.57,62,94,2.82,overcast clouds
216,Yinchuan,38.4681,106.2731,77.22,79,34,4.63,scattered clouds
217,Honningsvag,70.9821,25.9704,51.55,87,100,43.73,moderate rain
218,Mnogovershinnyy,53.9353,139.9242,53.91,98,100,1.95,overcast clouds
219,Tubuala,9.5167,-79.0333,80.53,83,100,6.67,overcast clouds
220,Pombas,17.1503,-25.0201,76.78,79,57,10.8,broken clouds
221,Hovd,48.0056,91.6419,62.64,52,3,3.0,clear sky
222,Vestmannaeyjar,63.4427,-20.2734,51.46,94,100,13.67,overcast clouds
223,Chengde,40.9725,117.9361,68.94,93,100,1.43,overcast clouds
224,Ribeira Grande,38.5167,-28.7,74.64,78,81,9.24,broken clouds
225,Kodiak,57.79,-152.4072,52.72,100,100,6.6,light rain
226,Lesosibirsk,58.2358,92.4828,48.34,82,1,4.88,clear sky
227,Edendale,-29.6528,30.3147,57.81,52,16,4.72,few clouds
228,Tabou,4.423,-7.3528,76.35,78,100,9.78,overcast clouds
229,Kodinar,20.7903,70.7031,79.72,91,100,22.32,overcast clouds
230,Los Llanos De Aridane,28.6585,-17.9182,69.55,89,20,14.97,few clouds
231,Coquimbo,-29.9533,-71.3436,55.13,82,100,6.91,overcast clouds
232,Trincomalee,8.5711,81.2335,81.18,76,100,17.94,overcast clouds
233,Batagay,67.6333,134.6333,55.0,74,85,6.6,overcast clouds
234,Itaituba,-4.2761,-55.9836,93.36,49,20,3.44,few clouds
235,Ostersund,63.1792,14.6357,54.05,100,75,3.44,drizzle
236,Marzuq,14.4,46.4667,79.23,65,100,7.07,overcast clouds
237,Mount Isa,-20.7333,139.5,62.37,39,91,6.91,overcast clouds
238,Cape Town,-33.9258,18.4232,59.38,78,75,17.27,broken clouds
239,Bar Harbor,44.3876,-68.2039,72.93,80,100,1.99,overcast clouds
240,Shorewood,41.52,-88.2017,80.31,48,0,12.66,clear sky
241,Luderitz,-26.6481,15.1594,55.96,86,47,8.99,scattered clouds
242,Santa Cruz,-17.8,-63.1667,76.46,31,0,9.22,clear sky
243,Bontang,0.1333,117.5,78.17,87,90,3.6,overcast clouds
244,Krasnoselkup,65.7,82.4667,47.82,73,98,4.45,overcast clouds
245,Potlogi,44.55,25.5833,73.27,43,37,3.62,scattered clouds
246,Meulaboh,4.1363,96.1285,77.09,85,100,1.86,overcast clouds
247,Kahului,20.8947,-156.47,87.96,71,100,17.0,overcast clouds
248,Manama,26.2154,50.5832,97.34,56,11,4.61,few clouds
249,Rosh Pinna,32.9689,35.5426,75.58,85,0,5.41,clear sky
250,Calca,-13.3333,-71.95,69.15,61,60,7.9,broken clouds
251,Chelmek,50.1016,19.248,60.46,84,64,5.17,broken clouds
252,Komsomolskiy,40.4272,71.7189,74.12,43,19,6.91,few clouds
253,Mahebourg,-20.4081,57.7,69.26,71,85,17.02,overcast clouds
254,Nakusp,50.2499,-117.8023,89.47,43,8,7.47,clear sky
255,Neiafu,-18.65,-173.9833,75.88,94,75,3.44,broken clouds
256,Constitucion,-35.3333,-72.4167,50.49,79,0,5.66,clear sky
257,Kieta,-6.2167,155.6333,81.19,75,100,1.57,overcast clouds
258,Mackay,-21.15,149.2,64.69,79,70,5.1,broken clouds
259,Cidreira,-30.1811,-50.2056,58.95,87,1,8.21,clear sky
260,Scarborough,54.2797,-0.4044,67.33,80,26,2.71,scattered clouds
261,Iquitos,-3.7481,-73.2472,82.42,69,84,1.23,broken clouds
262,Lompoc,34.6391,-120.4579,77.85,71,75,14.97,broken clouds
263,Neuquen,-38.9516,-68.0591,58.89,47,0,0.0,clear sky
264,Khani,41.9563,42.9566,65.77,90,17,2.24,few clouds
265,Djambala,-2.5447,14.7533,75.15,48,100,7.09,overcast clouds
266,Bondoukou,8.0333,-2.8,73.24,82,100,4.56,overcast clouds
267,Kizema,61.113,44.8302,59.83,70,100,8.9,overcast clouds
268,Lagoa,39.05,-27.9833,73.49,83,98,13.56,light rain
269,Arman,59.7,150.1667,59.02,87,98,1.39,overcast clouds
270,Saldanha,-33.0117,17.9442,55.98,88,100,10.54,overcast clouds
271,Kavaratti,10.5669,72.642,80.78,82,37,20.76,scattered clouds
272,Hithadhoo,-0.6,73.0833,81.55,74,5,6.91,heavy intensity rain
273,Abalak,58.1286,68.5944,59.63,98,72,5.01,moderate rain
274,Baniyas,35.1819,35.9487,78.3,78,18,6.55,few clouds
275,Tobane,-21.95,27.9,62.04,46,0,5.08,clear sky
276,Westport,41.1415,-73.3579,89.31,55,100,4.0,overcast clouds
277,Baykit,61.67,96.37,44.83,88,30,3.65,scattered clouds
278,Berdigestyakh,62.0989,126.6992,61.83,80,36,2.42,scattered clouds
279,Poum,-20.2333,164.0167,68.79,60,0,7.87,clear sky
280,Mayya,61.7333,130.2811,58.32,96,99,3.38,light rain
281,Havoysund,70.9963,24.6622,52.03,94,100,35.88,light rain
282,Whitecourt,54.1502,-115.6855,84.06,29,93,10.67,overcast clouds
283,Notodden,59.5594,9.2585,65.71,64,0,3.22,clear sky
284,Ndende,-2.4008,11.3581,72.82,72,94,4.41,overcast clouds
285,Ponnani,10.767,75.9252,74.52,86,97,4.61,overcast clouds
286,Nome,64.5011,-165.4064,52.16,89,100,7.34,overcast clouds
287,Casino,-28.8667,153.05,55.56,82,100,1.97,overcast clouds
288,Salalah,17.0151,54.0924,76.5,92,98,8.21,overcast clouds
289,Hirara,24.8,125.2833,79.07,94,75,2.3,broken clouds
290,Sabang,5.8933,95.3214,81.9,74,100,18.86,overcast clouds
291,Bengkulu,-3.8004,102.2655,76.01,91,40,3.65,scattered clouds
292,Bambous Virieux,-20.3428,57.7575,69.22,69,92,17.22,overcast clouds
293,Shouguang,36.88,118.7375,74.93,97,27,4.0,scattered clouds
294,Lons,43.3167,-0.4,82.62,65,0,4.61,clear sky
295,Namibe,-15.1961,12.1522,61.38,90,54,8.57,broken clouds
296,Ondarroa,43.3167,-2.4167,78.69,83,34,6.11,scattered clouds
297,Fairbanks,64.8378,-147.7164,69.03,45,25,3.11,scattered clouds
298,Novo Aripuana,-5.1206,-60.3797,85.73,42,79,1.95,broken clouds
299,Inhambane,-23.865,35.3833,68.63,78,0,8.79,clear sky
300,Tyukhtet,56.5389,89.3011,50.32,81,1,4.72,clear sky
301,Fort Nelson,58.8053,-122.7002,67.66,52,76,3.8,broken clouds
302,Dori,14.0354,-0.0345,89.71,49,59,14.79,broken clouds
303,Am Timan,11.0297,20.2827,71.08,92,100,4.63,overcast clouds
304,Gao,16.6362,1.637,86.0,51,57,20.71,broken clouds
305,Makakilo City,21.3469,-158.0858,84.56,62,75,14.97,broken clouds
306,Saint-Pierre,-21.3393,55.4781,68.92,67,20,5.75,few clouds
307,Broome,42.2506,-75.833,81.54,49,2,7.0,clear sky
308,Waipawa,-41.4122,175.5153,43.97,78,62,1.97,broken clouds
309,Celestun,20.8667,-90.4,85.62,66,26,11.14,scattered clouds
310,Valdivia,-39.8142,-73.2459,47.17,93,100,2.13,light rain
311,Aasiaat,68.7098,-52.8699,37.13,89,90,1.28,overcast clouds
312,Pemba,-12.974,40.5178,73.4,70,19,8.68,few clouds
313,East London,-33.0153,27.9116,63.3,76,85,4.59,overcast clouds
314,Sechura,-5.5569,-80.8222,72.97,59,70,16.26,broken clouds
315,New Norfolk,-42.7826,147.0587,42.91,85,98,1.74,overcast clouds
316,Tanete,-3.9443,119.7848,73.56,97,98,2.53,overcast clouds
317,Royan,45.6285,-1.0281,79.79,32,0,9.69,clear sky
318,Cabo San Lucas,22.8909,-109.9124,92.17,66,74,4.0,broken clouds
319,Victoria Point,-27.5833,153.3,60.82,96,100,1.99,overcast clouds
320,Shu,43.5983,73.7614,68.7,49,2,2.89,clear sky
321,Necochea,-38.5473,-58.7368,52.11,70,0,10.31,clear sky
322,Pevek,69.7008,170.3133,36.41,91,86,5.28,overcast clouds
323,Kiruna,67.8557,20.2251,47.32,71,100,14.97,overcast clouds
324,Bambanglipuro,-7.95,110.2833,75.38,92,69,4.14,broken clouds
325,Steamboat Springs,40.485,-106.8317,91.35,23,0,10.36,clear sky
326,Carmo Do Rio Claro,-20.9719,-46.1189,58.14,56,0,6.11,clear sky
327,Pacific Grove,36.6177,-121.9166,86.38,72,8,8.99,clear sky
328,Isangel,-19.55,169.2667,73.06,57,10,15.57,clear sky
329,Shimoda,34.6667,138.95,78.1,88,100,12.39,overcast clouds
330,Hambantota,6.1241,81.1185,77.34,100,20,9.22,few clouds
331,Cabinda,-5.55,12.2,69.19,94,100,5.82,overcast clouds
332,Walvis Bay,-22.9575,14.5053,52.09,75,0,9.73,clear sky
333,Boguchany,58.3814,97.4531,51.03,97,20,3.31,few clouds
334,Khatanga,71.9667,102.5,44.62,71,100,7.02,light rain
335,Rawson,-43.3002,-65.1023,55.06,42,15,6.58,few clouds
336,Tanout,14.9709,8.8879,84.0,57,48,18.59,scattered clouds
337,Fayaoue,-20.65,166.5333,71.91,59,26,21.39,scattered clouds
338,Mayumba,-3.432,10.6554,69.66,91,93,3.98,overcast clouds
339,Grand Gaube,-20.0064,57.6608,69.39,61,77,11.01,broken clouds
340,Husavik,66.0449,-17.3389,49.28,78,95,1.1,overcast clouds
341,Bethanien,-26.502,17.1583,56.75,13,84,5.39,broken clouds
342,San Patricio,28.017,-97.5169,98.17,45,100,7.7,overcast clouds
343,Morrope,-6.5417,-80.0111,68.11,67,58,16.35,broken clouds
344,Benghazi,32.1167,20.0667,81.03,70,0,8.14,clear sky
345,Payo,-3.7508,103.6372,73.54,92,74,2.13,broken clouds
346,Yevlax,40.6089,47.1492,76.93,60,0,5.48,clear sky
347,Sao Joao Da Barra,-21.6403,-41.0511,69.21,66,95,29.3,overcast clouds
348,Luau,-10.7073,22.2247,64.58,23,60,4.88,broken clouds
349,Kamaishi,39.2667,141.8833,77.07,93,100,7.49,overcast clouds
350,Estepona,36.4276,-5.1459,76.82,78,6,4.92,clear sky
351,Xuchang,34.0167,113.8167,79.07,75,22,6.31,few clouds
352,Redford,42.3834,-83.2966,79.95,51,75,13.8,broken clouds
353,Marystown,47.1666,-55.1483,58.73,89,100,7.29,overcast clouds
354,Angol,-37.8,-72.7167,49.8,87,100,1.16,overcast clouds
355,Hinton,53.4001,-117.5857,62.15,90,100,4.05,overcast clouds
356,Tocache,-8.1842,-76.5125,81.5,70,33,1.57,scattered clouds
357,Namatanai,-3.6667,152.4333,81.0,79,100,8.43,light rain
358,Homer,59.6425,-151.5483,60.04,89,100,5.99,overcast clouds
359,Tungor,53.3808,142.9564,59.86,89,47,4.18,scattered clouds
360,Zonguldak,41.25,31.8333,62.62,92,65,3.04,broken clouds
361,Loiza,18.4313,-65.8802,84.63,83,100,12.82,overcast clouds
362,Caninde,-4.3589,-39.3117,77.85,59,79,4.32,broken clouds
363,Konstantinovskaya,44.0456,43.1583,71.89,68,2,5.95,clear sky
364,Tuktoyaktuk,69.4541,-133.0374,49.96,78,100,14.14,overcast clouds
365,Yaring,6.8662,101.3689,77.14,88,100,5.03,overcast clouds
366,Turkeve,47.1,20.75,69.03,44,100,10.85,overcast clouds
367,Marrakesh,31.6315,-8.0083,87.87,40,40,4.61,scattered clouds
368,Jiwani,25.05,61.7417,81.88,87,97,8.52,overcast clouds
369,Alofi,-19.0595,-169.9187,78.15,74,44,14.65,scattered clouds
370,Kem,64.9555,34.5793,58.35,69,96,14.92,overcast clouds
371,Biak,-0.9131,122.8766,75.29,88,96,1.61,overcast clouds
372,Araouane,18.9048,-3.5265,100.0,26,1,5.37,clear sky
373,Naifaru,5.4444,73.3657,81.27,79,69,12.33,broken clouds
374,Calvinia,-31.4707,19.776,48.54,80,91,6.76,overcast clouds
375,Rundu,-17.9333,19.7667,59.14,12,3,5.28,clear sky
376,Sao Jose Da Coroa Grande,-8.8978,-35.1478,74.86,83,13,6.04,few clouds
377,Kobryn,52.2138,24.3564,62.85,79,55,8.46,broken clouds
378,Kvareli,41.9524,45.8151,74.93,59,84,4.59,broken clouds
379,Molango,20.7833,-98.7167,74.37,44,50,8.81,scattered clouds
380,Key Largo,25.0865,-80.4473,88.0,57,75,13.69,broken clouds
381,Montrose,38.4166,-108.2673,87.21,37,65,11.07,broken clouds
382,Te Anau,-45.4167,167.7167,36.41,79,22,1.41,few clouds
383,Ostrovnoy,68.0531,39.5131,52.38,85,4,12.33,clear sky
384,Banda Aceh,5.5577,95.3222,78.19,83,99,12.06,light rain
385,Upington,-28.4478,21.2561,59.4,21,35,5.86,scattered clouds
386,Suifenhe,44.4,131.1667,60.21,84,6,7.05,clear sky
387,Celendin,-6.8703,-78.1517,70.32,38,41,6.29,scattered clouds
388,Lyaskelya,61.7667,31.0167,61.56,87,100,5.41,overcast clouds
389,Veraval,20.9,70.3667,80.55,90,96,24.11,overcast clouds
390,Amarkantak,22.6667,81.75,67.46,99,100,4.27,light rain
391,Touros,-5.1989,-35.4608,76.33,82,16,10.4,few clouds
392,Tyrma,50.0833,132.1667,54.57,94,29,0.43,scattered clouds
393,Tomelloso,39.1522,-3.0243,80.51,28,0,7.58,clear sky
394,Nortelandia,-14.4547,-56.8028,71.2,33,0,3.22,clear sky
395,Gweru,-19.45,29.8167,55.78,48,0,5.28,clear sky
396,Teya,60.3778,92.6267,42.75,95,0,2.93,clear sky
397,Ilulissat,69.2167,-51.1,41.02,93,75,1.14,broken clouds
398,Amurzet,47.6967,131.0981,61.27,87,94,5.3,overcast clouds
399,Gilbues,-9.8317,-45.3439,81.48,20,7,4.09,clear sky
400,Urumqi,43.801,87.6005,72.55,57,0,4.47,clear sky
401,Narrabri,-30.3167,149.7833,55.53,88,100,4.0,light rain
402,Petropavlovsk-Kamchatskiy,53.0452,158.6483,55.99,100,75,4.47,broken clouds
403,Sindgi,16.9167,76.2333,73.49,83,68,15.88,broken clouds
404,Sompeta,18.9333,84.6,81.72,79,100,2.75,overcast clouds
405,Belmonte,-15.8631,-38.8828,74.3,87,78,8.75,broken clouds
406,Kijang,35.2442,129.2139,79.54,87,95,5.88,overcast clouds
407,Kingisepp,59.3733,28.6134,60.33,81,100,5.84,overcast clouds
408,Kuala Terengganu,5.3302,103.1408,78.62,85,68,3.04,broken clouds
409,Kutum,14.2,24.6667,75.76,63,91,5.17,overcast clouds
410,Tessalit,20.1986,1.0114,98.67,21,56,5.28,broken clouds
411,Teahupoo,-17.8333,-149.2667,76.96,78,21,15.61,light rain
412,Omboue,-1.5746,9.2618,72.77,82,91,8.23,overcast clouds
413,Oxelosund,58.6706,17.1015,61.18,67,0,5.75,clear sky
414,Bindura,-17.3019,31.3306,55.83,55,0,2.35,clear sky
415,Mari,-7.06,-35.3194,74.21,88,78,5.68,broken clouds
416,Marawi,7.9986,124.2928,68.85,88,86,2.51,overcast clouds
417,Flinders,-34.5833,150.8552,57.38,82,100,1.99,overcast clouds
418,Capreol,46.706,-80.9225,71.55,32,24,8.63,few clouds
419,Havelock,34.8791,-76.9013,87.78,73,66,7.11,broken clouds
420,Pisco,-13.7,-76.2167,62.65,77,20,3.44,few clouds
421,Sitka,57.0531,-135.33,66.09,72,75,3.44,broken clouds
422,Lucea,18.451,-78.1736,85.86,76,21,10.11,few clouds
423,Mawana,29.1,77.9167,79.25,68,18,5.41,few clouds
424,Pratapgarh,24.0333,74.7833,73.8,97,100,13.49,overcast clouds
425,Ajaccio,42.0,8.9167,71.65,73,0,8.05,clear sky
426,Changli,39.7042,119.1506,72.19,90,63,0.36,broken clouds
427,Moss Vale,-34.55,150.3833,49.33,79,100,4.85,overcast clouds
428,Chara,56.9064,118.2631,56.93,76,83,1.52,broken clouds
429,Linxia,35.6003,103.2064,68.4,84,100,2.24,overcast clouds
430,Batabano,22.7164,-82.2881,86.72,67,99,13.4,overcast clouds
431,Buraydah,26.326,43.975,95.14,20,9,10.29,clear sky
432,Ara,25.5667,84.6667,80.49,79,6,8.7,clear sky
433,Praia Da Vitoria,38.7333,-27.0667,72.75,91,100,13.56,overcast clouds
434,Srednekolymsk,67.45,153.6833,65.5,73,82,7.11,broken clouds
435,Melfi,40.9965,15.6514,63.5,76,100,4.61,overcast clouds
436,Dunedin,-45.8742,170.5036,43.81,74,3,4.41,clear sky
437,Amahai,-3.3333,128.9167,75.99,88,38,3.06,scattered clouds
438,Evensk,61.95,159.2333,53.8,96,100,5.5,overcast clouds
439,Tambopata,-12.7333,-69.1833,74.46,59,2,0.67,clear sky
440,Vredendal,-31.6683,18.5012,52.32,96,91,4.59,overcast clouds
441,Yumen,40.2833,97.2,77.22,30,1,15.12,clear sky
442,Port-Cartier,50.0334,-66.8654,64.74,95,86,5.1,overcast clouds
443,Valentin Gomez Farias,28.2167,-106.5833,81.39,34,56,16.15,broken clouds
444,Plettenberg Bay,-34.0527,23.3716,56.16,89,99,3.67,overcast clouds
445,Taksimo,56.3444,114.8794,56.07,82,100,3.42,overcast clouds
446,Kaohsiung,22.6163,120.3133,80.04,85,30,3.0,scattered clouds
447,Svetlaya,46.5389,138.3297,67.12,81,16,3.94,few clouds
448,Iqaluit,63.7506,-68.5145,43.14,70,67,8.81,broken clouds
449,Altay,47.8667,88.1167,64.85,40,5,6.15,clear sky
450,Holland,42.7875,-86.1089,81.41,52,0,11.5,clear sky
451,Tautira,-17.7333,-149.15,77.32,78,20,14.92,light rain
452,Mount Gambier,-37.8333,140.7667,46.31,100,100,8.05,light rain
453,Verkhnyaya Sysert,56.4372,60.75,57.0,82,6,8.37,clear sky
454,Tezu,27.9167,96.1667,78.58,82,73,2.93,broken clouds
455,Bredy,52.4153,60.3411,64.0,82,97,7.27,overcast clouds
456,Traralgon,-38.1833,146.5333,44.2,90,44,2.04,scattered clouds
457,Port Shepstone,-30.7414,30.455,65.7,80,39,5.48,scattered clouds
458,Abu Samrah,35.3029,37.1841,73.81,74,0,12.03,clear sky
459,Udachnyy,66.4167,112.4,45.39,92,100,20.18,light rain
460,Norfolk,42.1668,-71.2495,84.45,65,100,1.01,overcast clouds
461,Lensk,60.7253,114.9278,57.65,90,100,3.87,overcast clouds
462,Beipiao,41.7919,120.7792,69.94,89,100,2.24,overcast clouds
463,Uyemskiy,64.4743,40.8524,62.65,100,40,6.71,scattered clouds
464,Moose Factory,51.2585,-80.6094,65.12,36,3,10.85,clear sky
465,Kaeo,-35.1,173.7833,51.33,76,0,7.27,clear sky
466,Bubaque,11.2833,-15.8333,80.1,81,100,14.63,moderate rain
467,Norman Wells,65.282,-126.8329,71.94,26,69,4.76,broken clouds
468,Adrar,20.5022,-10.0711,96.85,27,1,11.83,clear sky
469,Roald,62.5833,6.1333,61.16,100,75,2.3,broken clouds
470,Miri,4.4148,114.0089,78.35,87,83,4.54,broken clouds
471,Hami,42.8,93.45,85.05,30,32,14.56,scattered clouds
472,Bandarbeyla,9.4942,50.8122,76.6,79,100,26.57,overcast clouds
473,Solnechnyy,50.7214,136.6319,54.66,95,98,3.83,overcast clouds
474,Rio Grande,-32.035,-52.0986,56.95,84,0,8.88,clear sky
475,Black River,18.0264,-77.8487,84.51,69,27,6.67,scattered clouds
476,Buin,-33.7333,-70.75,64.44,75,0,4.68,clear sky
477,Sayansk,54.1088,102.1648,49.42,95,14,1.3,few clouds
478,Osoyoos,49.0331,-119.4524,97.99,18,1,9.73,clear sky
479,Gornopravdinsk,60.05,69.9,59.23,67,100,8.68,overcast clouds
480,Nizhniy Kuranakh,58.8353,125.4869,55.74,99,100,1.7,light rain
481,Kulu,39.0951,33.0799,70.88,51,1,7.83,clear sky
482,Sarkand,45.41,79.9186,67.91,48,86,6.35,overcast clouds
483,Gazanjyk,39.2446,55.5154,82.78,23,0,13.42,clear sky
484,Nelson Bay,-32.7167,152.15,55.0,99,100,3.0,overcast clouds
485,Andenes,69.3143,16.1194,49.98,81,75,28.77,drizzle
486,Beloha,-25.1667,45.05,65.62,57,0,10.92,clear sky
487,Leh,34.1667,77.5833,64.38,56,100,4.03,overcast clouds
488,Oak Harbor,48.2932,-122.6432,82.27,60,20,6.91,few clouds
489,Vao,-22.6667,167.4833,68.09,59,13,18.05,few clouds
490,Opelika,32.6454,-85.3783,80.38,79,75,13.8,light rain
491,Vilhena,-12.7406,-60.1458,71.4,53,0,2.62,clear sky
492,Manadhoo,5.7667,73.3833,81.25,80,78,13.24,broken clouds
493,Bikin,46.8161,134.26,62.96,95,46,0.43,scattered clouds
494,Kaitangata,-46.2817,169.8464,37.96,74,13,6.33,few clouds
495,Kenai,60.5544,-151.2583,62.69,89,100,13.8,light rain
496,Nsanje,-16.92,35.262,66.36,75,0,3.02,clear sky
497,Katangli,51.7102,143.2326,60.12,81,78,5.86,broken clouds
498,Vostok,46.4856,135.8833,59.79,95,69,3.02,broken clouds
499,Labuhan,-6.8844,112.2051,76.82,89,74,5.41,broken clouds
500,Jinchang,38.4953,102.1739,77.5,68,16,3.42,few clouds
501,Sorrento,40.626,14.3744,73.76,100,29,6.29,scattered clouds
502,Oga,46.4631,10.347,52.34,87,86,1.63,overcast clouds
503,Half Moon Bay,37.4636,-122.4286,83.57,63,0,21.85,clear sky
504,San Quintin,30.4833,-115.95,77.49,68,99,12.77,overcast clouds
505,Euclid,41.5931,-81.5268,76.62,61,40,11.5,scattered clouds
506,Sarany,58.5,58.8833,48.78,82,82,6.13,broken clouds
507,Yulara,-25.2406,130.9889,44.28,54,0,7.74,clear sky
508,Chicama,-7.8447,-79.1469,61.34,66,20,9.22,few clouds
509,Zwedru,6.0667,-8.1281,72.18,89,77,4.92,broken clouds
510,Ferme-Neuve,46.7001,-75.4493,65.39,56,40,10.87,scattered clouds
511,Cedeno,7.0464,-72.1634,77.14,91,84,1.63,broken clouds
512,Mathathane,-22.2687,28.7495,66.78,41,0,8.01,clear sky
513,Coffs Harbour,-30.3,153.1333,57.16,82,100,4.61,light intensity shower rain
514,Wajid,3.8093,43.2471,71.67,63,76,20.4,broken clouds
515,Japura,-0.3167,102.35,77.76,88,96,2.77,overcast clouds
516,Sorong,-0.8833,131.25,76.86,87,79,6.73,broken clouds
517,Cap Malheureux,-19.9842,57.6142,69.48,61,76,7.0,broken clouds
518,Chapais,49.7834,-74.8492,51.58,96,100,8.12,overcast clouds
519,Kartuzy,54.3342,18.1974,56.84,93,0,1.14,clear sky
520,Fortuna,40.5982,-124.1573,74.93,69,40,12.66,scattered clouds
521,Ruiru,-1.1606,36.9567,62.67,82,97,3.83,overcast clouds
522,Wenling,28.3669,121.36,81.34,86,52,9.57,broken clouds
523,Matay,28.419,30.7792,85.21,27,0,6.76,clear sky
524,Gambiran,-6.7988,111.4951,74.21,89,79,4.09,broken clouds
525,Mzimba,-11.9,33.6,57.36,61,1,6.8,clear sky
526,Canita,9.2097,-78.8811,77.29,94,100,4.5,overcast clouds
527,Tevaitoa,-16.7833,-151.5,78.46,75,12,15.26,few clouds
528,Stromness,58.965,-3.296,53.87,91,100,5.01,overcast clouds
529,Nieuw Nickerie,5.95,-56.9833,80.94,79,17,8.23,few clouds
530,Nemuro,43.3236,145.575,65.82,100,100,12.44,moderate rain
531,Bourail,-21.5667,165.4833,67.08,59,4,9.15,clear sky
532,Saquena,-4.6667,-73.5167,80.94,68,85,1.03,overcast clouds
533,Torata,-17.0769,-70.8433,63.37,33,0,6.24,clear sky
534,Agutaya,11.148,120.9417,83.52,70,84,6.85,broken clouds
535,Mecca,21.4267,39.8261,90.81,58,96,11.74,overcast clouds
536,Puteyets,65.1716,57.091,53.56,69,82,7.38,broken clouds
537,Rabo De Peixe,37.8,-25.5833,72.91,73,75,9.22,broken clouds
538,Ures,29.4333,-110.4,95.56,37,16,8.16,few clouds
539,Lewiston,44.1003,-70.2148,76.71,83,100,5.75,overcast clouds
540,Rochegda,62.8,43.25,61.52,68,100,8.97,overcast clouds
541,Berlevag,70.8578,29.0864,53.55,71,100,34.52,overcast clouds
542,Pochutla,15.7432,-96.4661,76.82,63,100,5.88,overcast clouds
543,Washougal,45.5826,-122.3534,88.52,40,0,11.5,clear sky
544,Katsuura,35.1333,140.3,81.7,83,53,19.42,broken clouds
545,Evans,33.5337,-82.1307,86.04,62,0,18.41,clear sky
546,Kundiawa,-6.0167,144.9667,64.8,96,99,1.34,overcast clouds
547,Bilibino,68.0546,166.4372,63.19,65,100,4.61,light rain
548,Alvaraes,-3.2208,-64.8042,87.67,56,27,1.28,scattered clouds
549,Dahod,22.8333,74.2667,75.33,94,100,14.36,overcast clouds
550,Pauini,-7.7136,-66.9764,84.36,50,94,0.45,overcast clouds
551,La Union,-5.4,-80.75,76.98,49,63,15.52,broken clouds
552,Anadyr,64.75,177.4833,59.5,82,75,2.24,broken clouds
553,Chabahar,25.2919,60.643,83.3,86,100,7.61,overcast clouds
554,Durango,24.8333,-104.8333,66.79,69,67,9.53,broken clouds
555,Port-Gentil,-0.7193,8.7815,73.36,94,20,6.91,few clouds
556,Skegness,53.1436,0.3363,66.27,83,0,9.55,clear sky
557,Bangangte,5.1409,10.5198,61.16,99,100,2.98,light rain
558,Dogondoutchi,13.6393,4.0287,77.59,73,100,11.05,light rain
559,Gat,31.61,34.7642,79.81,100,0,5.17,clear sky
560,Hofn,64.2539,-15.2082,51.58,85,63,15.64,broken clouds
561,Madingou,-4.1536,13.55,75.52,61,80,2.91,broken clouds
562,Laguna,38.421,-121.4238,97.34,28,0,8.05,clear sky
563,Ahipara,-35.1667,173.1667,53.42,71,31,9.84,scattered clouds
564,Yerbogachen,61.2767,108.0108,53.04,98,93,4.7,overcast clouds
565,Beringovskiy,63.05,179.3167,53.44,82,100,11.81,overcast clouds
566,Naze,28.3667,129.4833,80.08,81,100,5.93,overcast clouds
567,Zhanaozen,43.3,52.8,80.8,23,0,12.37,clear sky
568,Benjamin Aceval,-24.9667,-57.5667,66.34,64,2,4.61,clear sky
569,Osorno,-40.5667,-73.15,52.11,76,100,11.5,moderate rain
570,Ciudad Guayana,8.3533,-62.6528,77.92,90,95,2.42,overcast clouds
571,Manakara,-22.1333,48.0167,65.52,86,77,5.17,light rain
572,Sungaipenuh,-2.0833,101.3833,66.79,96,90,1.21,overcast clouds
573,Coahuayana,18.7333,-103.6833,85.71,72,97,6.13,overcast clouds
574,Fukue,32.6881,128.8419,83.16,84,94,15.66,overcast clouds
575,Riyadh,24.6877,46.7219,98.74,17,10,13.2,clear sky
576,Lakatoro,-16.0999,167.4164,76.3,59,25,17.05,scattered clouds
577,Lano,10.1725,11.4715,71.85,90,100,5.14,overcast clouds
578,Ibra,22.6906,58.5334,87.87,51,97,2.93,overcast clouds
579,Mana,5.6592,-53.7767,80.15,79,37,6.4,scattered clouds
580,Almaznyy,48.0448,40.045,78.49,34,100,8.77,overcast clouds
581,Boyuibe,-20.4167,-63.2833,61.74,34,0,5.26,clear sky
582,Hay River,60.8156,-115.7999,62.64,38,15,3.24,few clouds
583,San Rafael,-34.6177,-68.3301,57.38,39,0,8.48,clear sky
584,Talcahuano,-36.7167,-73.1167,51.48,76,100,6.91,overcast clouds
585,Asau,46.4333,26.4,60.28,73,30,5.14,light rain
586,Wanaka,-44.7,169.15,36.1,77,29,1.99,scattered clouds
587,Morondava,-20.2833,44.2833,68.59,84,0,7.58,clear sky
588,Canar,-2.55,-78.9333,48.47,84,100,5.23,overcast clouds
589,Kalmunai,7.4167,81.8167,79.2,80,100,4.54,overcast clouds
590,Anchorage,61.2181,-149.9003,65.28,75,100,5.75,overcast clouds
591,Port Hardy,50.6996,-127.4199,61.7,90,67,5.86,broken clouds
592,College,64.8569,-147.8028,68.32,44,40,5.75,scattered clouds
593,Aklavik,68.2191,-135.0107,67.33,38,24,10.11,few clouds
594,Dali,25.7,100.1833,62.89,90,84,2.75,broken clouds
595,Skelleftea,64.7507,20.9528,57.56,78,75,6.91,broken clouds
596,Beira,-19.8436,34.8389,66.29,94,20,4.61,few clouds
597,Abapo,-18.8333,-63.4667,64.42,34,0,5.39,clear sky
598,Maua,-23.6678,-46.4614,58.35,92,59,7.67,broken clouds
599,Mason City,43.1536,-93.201,73.33,88,100,9.22,overcast clouds
600,Oudtshoorn,-33.5907,22.2014,53.82,85,95,2.91,overcast clouds
601,Belfast,54.5833,-5.9333,61.38,78,0,8.05,clear sky
602,Kisangani,0.5167,25.2,72.23,90,100,2.98,overcast clouds
603,Dvinskoy,62.1535,45.1175,61.92,67,100,9.33,overcast clouds
604,Dodge City,37.7528,-100.0171,95.25,27,0,4.61,clear sky
605,Koumac,-20.5667,164.2833,69.78,53,0,6.02,clear sky
606,Caconda,-13.7333,15.0667,59.99,16,38,3.56,scattered clouds
607,Panacan,9.2463,118.4082,78.91,84,38,3.4,scattered clouds
608,Padang,-0.9492,100.3543,75.25,88,78,2.04,broken clouds
609,Kruisfontein,-34.0033,24.7314,55.89,92,100,5.82,overcast clouds
610,Sorata,-15.7667,-68.6333,51.4,67,24,7.16,few clouds
611,Pankrushikha,53.8319,80.3406,60.15,93,24,7.9,few clouds
612,Ati,13.2154,18.3353,80.33,73,97,11.21,overcast clouds
613,Tilichiki,60.4667,166.1,55.17,85,99,6.82,overcast clouds
614,Aquiraz,-3.9014,-38.3911,79.18,84,73,8.66,broken clouds
615,Cliza,-17.6,-65.9333,75.09,26,0,6.44,clear sky
616,Mumford,5.2618,-0.759,73.26,90,100,11.01,overcast clouds
617,Sao Filipe,14.8961,-24.4956,78.4,79,15,14.5,few clouds
618,Mollendo,-17.0231,-72.0147,60.96,84,46,5.12,scattered clouds
619,Ulaangom,49.9811,92.0667,58.73,78,20,2.19,few clouds
620,Shingu,33.7333,135.9833,78.8,91,100,2.93,overcast clouds
621,Sedalia,38.7045,-93.2283,92.75,42,0,3.44,clear sky
622,Marsh Harbour,26.5412,-77.0636,83.37,67,0,11.45,clear sky
623,Yantal,56.8471,105.2542,51.75,97,12,2.95,few clouds
624,Hirtshals,57.5881,9.9592,61.9,83,2,10.63,clear sky
625,Noumea,-22.2763,166.4572,71.01,99,56,14.41,broken clouds
626,Kochubey,44.3861,46.5825,80.31,56,4,20.38,clear sky
627,Sept-Iles,50.2001,-66.3821,65.05,85,96,4.0,overcast clouds
628,Kastrakion,39.7156,21.6181,66.74,87,98,4.97,overcast clouds
629,Sangar,63.9242,127.4739,58.28,89,32,2.48,scattered clouds
630,Reshetylivka,49.565,34.0782,72.0,61,100,7.96,overcast clouds
631,Stornoway,58.2093,-6.3865,53.56,93,100,4.61,overcast clouds
632,Barra Do Corda,-5.5,-45.25,84.97,39,22,5.03,few clouds
633,Mindelo,16.8901,-24.9804,77.2,78,42,16.8,scattered clouds
634,Villa Carlos Paz,-31.4241,-64.4978,60.39,36,86,11.99,overcast clouds
635,Pak Phanang,8.3511,100.202,77.94,80,99,7.94,overcast clouds
636,Naryan-Mar,67.6713,53.087,58.37,96,100,14.54,moderate rain
637,Bonfim,3.0833,-59.95,81.19,73,54,3.65,light rain
638,Lahaina,20.8783,-156.6825,91.4,67,100,9.98,overcast clouds
639,Karpogory,64.0019,44.4451,58.95,94,100,10.4,light rain
640,Orlik,52.5178,99.825,45.66,91,9,0.76,clear sky
641,Saint-Augustin,51.226,-58.6502,63.03,88,100,14.63,overcast clouds
642,Chifeng,42.2683,118.9636,69.04,75,91,2.01,overcast clouds
643,Wewak,-3.5534,143.6268,76.55,90,92,5.55,overcast clouds
644,Lynden,48.9465,-122.4521,83.59,54,0,7.0,clear sky
645,Bratsk,56.1325,101.6142,50.49,94,63,2.82,broken clouds
646,Cururupu,-1.8283,-44.8683,76.39,83,42,4.97,scattered clouds
647,Seoul,37.5683,126.9778,72.79,89,4,1.79,clear sky
648,Kuching,1.55,110.3333,77.22,94,20,2.3,few clouds
649,Lavrentiya,65.5833,-171.0,44.24,90,82,6.73,broken clouds
650,Bima,-8.4667,118.7167,74.25,96,44,4.5,scattered clouds
651,Denpasar,-8.65,115.2167,78.46,94,40,9.22,scattered clouds
652,Hualmay,-11.0964,-77.6139,64.49,76,20,10.16,few clouds
653,Waingapu,-9.6567,120.2641,75.9,88,24,9.01,few clouds
654,Vanimo,-2.6741,141.3028,78.67,83,54,3.62,broken clouds
655,Khor,47.8861,134.9464,61.59,90,80,4.76,broken clouds
656,Kiama,-34.6833,150.8667,57.58,78,100,3.0,overcast clouds
657,Medina Del Campo,41.3124,-4.9141,81.64,24,11,4.41,few clouds
658,Robat Karim,35.4846,51.0829,85.86,15,0,13.8,clear sky
659,Karratha,-20.7377,116.8463,63.18,24,10,18.88,clear sky
660,Serov,59.6033,60.5787,58.75,69,94,11.34,overcast clouds
661,Nabire,-3.3667,135.4833,75.07,90,65,4.07,broken clouds
662,Kismayo,-0.3582,42.5454,74.44,81,38,16.26,light rain
663,North Platte,41.1239,-100.7654,98.49,26,0,11.99,clear sky
664,Santa,17.486,120.4348,77.56,85,82,1.9,broken clouds
665,Monroe,43.1501,-77.6831,78.66,49,40,11.5,scattered clouds
666,Juelsminde,55.7088,10.0167,63.9,68,3,3.56,clear sky
667,Caraballeda,10.6112,-66.8522,81.84,87,85,5.48,overcast clouds
668,Sisimiut,66.9395,-53.6735,43.11,84,85,6.2,overcast clouds
669,Zheleznodorozhnyy,55.7503,38.0042,63.12,62,4,2.95,clear sky
670,Beyneu,45.3167,55.2,84.0,21,0,8.3,clear sky
671,Holme,56.1138,10.1725,63.18,75,3,2.33,clear sky
672,Turukhansk,65.8167,87.9833,42.08,86,8,4.85,clear sky
673,Parkes,-33.1333,148.1833,53.35,79,100,1.01,overcast clouds
674,Oron,4.8256,8.2343,73.53,96,100,3.24,light rain
675,Lebu,-37.6167,-73.65,50.18,90,100,2.8,overcast clouds
676,Saint-Leu,-21.15,55.2833,68.32,68,68,0.29,broken clouds
677,Kysyl-Syr,63.8986,122.7617,57.31,74,100,5.03,overcast clouds
678,Lucapa,-8.4192,20.7447,68.72,20,28,3.51,scattered clouds
679,Suntar,62.1444,117.6319,61.05,77,100,3.47,overcast clouds
680,Rudbar,30.15,62.6,81.32,22,83,13.67,broken clouds
681,Kabanjahe,3.1001,98.4908,63.21,95,100,3.11,moderate rain
682,Vestmanna,62.1564,-7.1664,50.92,87,100,6.91,overcast clouds
683,Newport,51.5877,-2.9984,78.91,50,1,7.72,clear sky
684,Looc,12.2605,121.9926,78.53,84,96,3.78,overcast clouds
685,Darab,28.7519,54.5444,88.25,16,5,10.27,clear sky
686,Miraflores,19.2167,-98.8083,77.65,62,89,1.41,overcast clouds
687,Canavieiras,-15.675,-38.9472,73.58,87,61,7.02,broken clouds
688,Majene,-3.5403,118.9707,77.05,89,87,2.37,overcast clouds
689,Sakakah,29.9697,40.2064,92.8,25,0,8.55,clear sky
690,Leningradskiy,69.3833,178.4167,49.98,75,99,2.64,overcast clouds
691,Muroto,33.2833,134.15,81.7,80,100,6.04,overcast clouds
692,Uthal,25.8072,66.6219,88.84,68,100,3.29,moderate rain
693,Carmen,18.6333,-91.8333,75.24,100,100,8.05,overcast clouds
694,Yuzhno-Sukhokumsk,44.6581,45.6436,80.87,49,7,20.49,clear sky
695,Flin Flon,54.7682,-101.865,84.43,32,42,13.53,scattered clouds
696,Jiuquan,39.7432,98.5174,79.07,53,0,1.97,clear sky
697,Moorhead,46.8739,-96.7676,73.42,53,75,6.91,broken clouds
698,Puerto Montt,-41.4698,-72.9447,50.83,87,100,14.97,overcast clouds
699,Pedra Azul,-16.0053,-41.2972,76.42,37,91,3.91,overcast clouds
700,Plerin,48.5425,-2.7798,69.44,75,0,3.44,clear sky
701,Wadi Musa,30.3222,35.4793,70.83,59,0,3.71,clear sky
702,Ibanda,-2.7974,32.4746,69.04,50,78,4.18,broken clouds
703,Sola,-13.8833,167.55,77.11,73,99,28.54,overcast clouds
704,Nhulunbuy,-12.2333,136.7667,70.41,88,40,4.61,scattered clouds
705,Ntcheu,-14.8203,34.6359,59.79,51,0,3.2,clear sky
706,Faya,18.3851,42.4509,68.52,75,73,4.56,broken clouds
707,Basoko,1.2391,23.616,72.61,90,100,1.45,overcast clouds
708,Kawalu,-7.3817,108.2082,71.62,98,67,0.72,broken clouds
709,Cadolzburg,49.4573,10.8533,67.1,53,0,3.44,clear sky
710,Lorengau,-2.0226,147.2712,80.64,81,74,6.33,broken clouds
711,Bongandanga,1.5,21.05,73.96,88,100,3.67,overcast clouds
712,Polovinnoye,54.7914,65.9864,63.27,85,57,8.7,broken clouds
713,Doha,25.2867,51.5333,94.98,71,0,3.44,clear sky
714,Burla,21.5,83.8667,74.62,97,100,4.5,overcast clouds
715,Rio Tercero,-32.173,-64.1141,61.81,51,64,9.44,broken clouds
716,Saint Leonard,47.173,-67.9247,68.18,98,100,6.04,heavy intensity rain
717,Hov,60.6987,10.3519,59.83,60,9,2.95,clear sky
718,Mantua,45.1667,10.7833,76.08,61,81,5.99,moderate rain
719,Sarakhs,36.5449,61.1577,75.07,26,0,9.31,clear sky
720,Argelia,2.2556,-77.2488,71.83,82,58,0.69,light rain
721,Boende,-0.2167,20.8667,76.05,63,75,2.86,broken clouds
722,Borovoy,55.4333,86.0833,63.68,88,0,2.24,clear sky
723,Manaure,11.7751,-72.4445,85.46,69,92,15.57,overcast clouds
724,Formosa Do Rio Preto,-11.0483,-45.1931,80.37,19,6,3.49,clear sky
725,Dingle,10.9995,122.6711,75.87,89,79,0.85,heavy intensity rain
726,Port Keats,-14.25,129.55,70.32,48,0,10.11,clear sky
727,Manthani,18.65,79.6667,76.33,88,99,6.4,overcast clouds
728,Tabuk,17.4189,121.4443,73.96,93,93,1.83,overcast clouds
729,Hobyo,5.3505,48.5268,76.06,78,37,25.39,scattered clouds
730,Uyovu,-3.2833,31.5258,76.75,34,100,2.44,overcast clouds
731,Erbach,49.6561,8.9964,73.65,44,73,3.98,broken clouds
732,Lakhdenpokhya,61.5198,30.1992,63.07,81,100,7.25,overcast clouds
733,Alexandria,31.2156,29.9553,79.07,65,0,6.2,clear sky
734,Chitungwiza,-18.0127,31.0756,57.16,52,0,9.75,clear sky
735,Kamenka,51.3223,42.7678,68.29,75,78,9.66,broken clouds
736,North Bend,43.4065,-124.2243,76.24,94,100,8.05,mist
737,Puerto Penasco,31.3167,-113.5333,89.91,70,19,8.01,few clouds
738,Port Macquarie,-31.4333,152.9167,52.9,75,100,6.15,light rain
739,Leirvik,59.7798,5.5005,62.64,88,18,4.9,few clouds
740,Taungdwingyi,20.0167,95.55,75.69,88,100,8.12,very heavy rain
741,Bianzhuang,34.8486,118.0447,79.79,87,95,3.91,overcast clouds
742,Puerto Ayacucho,5.6639,-67.6236,80.73,83,99,2.71,overcast clouds
743,Juneau,58.3019,-134.4197,64.4,99,100,10.36,overcast clouds
744,Jiquilisco,13.3167,-88.5833,85.39,70,40,7.7,moderate rain
745,Ortona,42.3496,14.4039,75.38,64,100,6.67,overcast clouds
746,Lahan,26.7296,86.4951,79.88,81,5,6.96,clear sky
747,Agnibilekrou,7.1344,-3.2047,73.71,81,99,3.44,overcast clouds
748,Cruz Das Almas,-12.67,-39.1019,69.66,87,0,6.13,clear sky
749,Salta,-24.7859,-65.4117,61.39,33,0,12.66,clear sky
750,Hammond,41.5834,-87.5,78.24,61,40,13.8,scattered clouds
751,Virginia Beach,36.8529,-75.978,81.05,91,75,5.75,thunderstorm
752,Svetlyy,54.675,20.1347,61.97,76,0,7.56,clear sky
753,Deputatskiy,69.3,139.9,46.6,83,100,4.56,overcast clouds
754,Bati,11.1833,40.0167,65.86,68,87,4.5,light rain
755,Najran,17.4924,44.1277,84.85,38,94,12.26,overcast clouds
756,La Palma,33.8464,-118.0467,104.92,40,40,12.66,scattered clouds
757,Aranos,-24.1333,19.1167,61.79,7,37,8.1,scattered clouds
758,Madimba,-10.4,40.3333,71.73,83,60,8.75,light rain
759,Redmond,47.674,-122.1215,85.6,51,0,4.0,clear sky
760,Ambulu,-8.345,113.6058,74.61,92,85,2.91,light rain
761,Vallenar,-28.5708,-70.7581,64.67,49,100,4.41,overcast clouds
762,Saint Anthony,45.0205,-93.218,85.01,42,20,10.36,few clouds
